PDB,Epitope
1YBW,"A:LEU:487, A:ILE:483, A:HIS:496, A:ASP:639, A:SER:489, A:PHE:449, A:ARG:455, A:SER:450, A:ARG:644, A:TYR:485, A:ASN:580, A:TYR:482, A:PRO:484, A:THR:486, A:ASN:636, A:TYR:488, A:PHE:491, A:PRO:579, A:VAL:490, A:LYS:481"
5X59,"A:VAL:26, A:LYS:27, A:LYS:543, A:ARG:190, A:GLY:22, A:ASP:20, A:TYR:540, A:LEU:234, A:LEU:506, A:GLN:544, A:GLY:538, A:LYS:502, A:ILE:529, A:SER:25, A:ASN:236, A:GLU:188, A:GLU:513, A:ARG:542, A:ASP:510, A:ASP:537, A:ALA:556, A:TRP:553, A:SER:28, A:TYR:541, A:ASP:24, A:PRO:531, A:ASN:226, A:SER:191, A:PRO:23, A:ASP:539, A:TYR:18, A:VAL:555, A:ARG:235, A:TRP:535, A:GLU:536, A:SER:557"
3PMT,"A:TRP:567, A:LYS:590, A:GLU:598, A:TYR:597, A:VAL:588, A:LEU:580, A:GLY:595, A:THR:586, A:GLU:599, A:TYR:566, A:ILE:592, A:ASN:596, A:ALA:579, A:TYR:594, A:ASP:593, A:ALA:587, A:HIS:581, A:SER:582"
3IT8,"C:GLU:23, C:PRO:139, B:GLU:23, B:GLN:67, B:GLU:110, B:THR:105, C:GLY:66, C:ALA:109, B:GLU:107, A:GLN:67, B:LYS:65, A:GLY:66, A:ALA:109, B:GLY:24, B:SER:71, A:LYS:112, A:PRO:139, B:LYS:112, B:ARG:138, A:ARG:138, C:ASP:140, B:GLY:66, C:LEU:142, A:GLN:25, A:GLU:110, C:ARG:138, B:CYS:69, C:LYS:65, A:THR:105, A:ASP:140, B:GLY:68, A:CYS:69, C:CYS:69, A:GLU:107, B:ALA:111, C:PRO:70, C:GLU:110, B:GLU:104, C:LYS:112, B:ASP:140, A:PRO:70, B:TYR:141, A:GLU:104, C:GLN:67, C:SER:71, B:GLY:108, A:ALA:111, C:ALA:111, B:PRO:70, A:LYS:65, C:GLY:68, C:GLY:108, C:GLY:24, B:PRO:113, A:GLU:23, C:THR:105, C:GLU:107, A:SER:71, B:ALA:109, A:TYR:141, C:TYR:141, A:GLY:24, A:GLY:108, C:GLU:104"
4O38,"B:GLU:56, B:ASN:183, B:SER:62, B:GLU:124, B:GLU:65, B:GLY:63, B:ARG:64, B:LEU:125, B:GLN:58, B:LYS:127, B:ASP:59, B:VAL:60, B:ARG:43, B:ARG:44, B:GLN:184, B:ARG:41, B:GLY:61"
3FCU,"A:HIS:215, A:SER:218, A:GLY:80, A:GLU:157, A:SER:217, A:ASN:78, A:ARG:147, A:GLU:117, A:LEU:213, A:SER:206, A:VAL:79, A:ARG:77, A:THR:76, A:GLN:82, A:PRO:209, A:ASN:149, A:GLN:219, A:ILE:211, A:VAL:216, A:SER:144, A:ASN:158, A:ARG:153, A:LEU:151, A:SER:81, A:SER:205, A:TRP:214, A:LEU:84, A:GLY:210, A:ILE:154, A:TRP:162, A:GLU:120, A:ASP:202, A:ARG:208, A:PRO:145"
1P53,"A:GLY:415, A:ASN:379, A:TYR:367, A:GLN:393, A:LEU:399, A:PRO:377, A:THR:389, A:TRP:395, A:MET:391, A:ASP:372, A:ILE:414, A:SER:341, A:ARG:374, A:GLU:373, A:ALA:394, A:GLY:396, A:ASP:375, A:GLU:336, A:TRP:380, A:CYS:392"
1TAQ,"A:LYS:314, A:LYS:511, A:SER:460, A:ASN:485, A:ALA:570, A:ILE:546, A:ARG:728, A:PHE:475, A:LEU:484, A:PRO:481, A:ARG:313, A:GLU:388, A:PRO:548, A:LEU:541, A:ALA:568, A:ARG:392, A:ASN:583, A:ALA:464, A:TRP:398, A:THR:569, A:ASN:580, A:THR:399, A:SER:383, A:ILE:467, A:THR:385, A:ASP:547, A:GLU:400, A:PHE:482, A:ARG:512, A:ASP:732, A:ALA:516, A:SER:486, A:THR:386, A:THR:506, A:GLU:315, A:ILE:532, A:SER:543, A:SER:515, A:TYR:545, A:GLU:471, A:ASP:578, A:LEU:352, A:PRO:382, A:TYR:535, A:ASN:565, A:LYS:542, A:ARG:536, A:GLU:507, A:GLU:397, A:THR:539, A:THR:544, A:ASN:483"
6RQJ,"B:ASP:51, B:GLU:76, B:THR:53, B:LYS:62, B:PHE:50, B:VAL:107, B:SER:108, B:VAL:71, B:HIS:110, B:ALA:52, B:SER:74, B:GLU:48, B:LYS:57, B:THR:47, B:HIS:72, B:LYS:109, B:HIS:70, B:ALA:49"
2R7E,"B:ALA:2201, B:LEU:2251, B:HIS:2315, B:GLN:2316, B:ARG:2220, B:SER:2250, B:MET:2255, B:PHE:2196, B:ARG:2215, B:THR:2253, B:MET:2199, B:ASN:2198, B:THR:2197, B:GLN:2222, B:PHE:2200, B:VAL:2223, B:TRP:2203, B:LEU:2252"
1SHY,"A:SER:611, A:ILE:499, A:TYR:615, A:ASP:592, A:ASN:497, A:HIS:633, A:ARG:685, A:TYR:635, A:LYS:683, A:PRO:500, A:SER:613, A:VAL:678, A:GLU:680, A:ARG:502, A:THR:501, A:ILE:505, A:GLY:498"
3NF1,"A:THR:402, A:LEU:387, A:TYR:360, A:LEU:403, A:GLU:406, A:THR:371, A:ARG:410, A:GLU:359, A:PRO:375, A:GLN:370, A:ASP:334, A:GLU:367, A:LEU:366, A:TYR:391, A:LYS:384, A:GLN:399, A:ARG:364, A:GLN:363, A:ILE:368"
1LX5,"B:CYS:59, B:LYS:56, B:TRP:60, B:PHE:83, B:ILE:64, B:VAL:81, B:LEU:61, B:PHE:42, B:ASP:21, B:TYR:67, B:ASN:65, B:ARG:20, B:ASP:63, B:VAL:55, B:ASP:62, B:ASP:36"
1ILK,"A:PRO:78, A:LYS:130, A:LYS:125, A:LYS:134, A:GLU:75, A:PHE:128, A:ILE:136, A:PHE:71, A:GLU:133, A:GLU:74, A:GLN:79, A:LEU:131, A:TYR:137, A:GLN:83, A:ASN:82, A:ASN:129, A:GLN:132, A:MET:39"
1D4V,"A:LEU:114, A:PRO:150, A:GLY:91, A:ARG:92, A:ASP:90, A:HIS:106, A:SER:88, A:ARG:115, A:ILE:87, A:GLU:151, A:MET:152, A:ASP:109, A:CYS:113, A:GLU:89, A:LEU:111, A:PHE:112, A:LEU:110, A:ASP:102"
3RRR,"F:ASN:383, F:LEU:381, F:ASN:380, F:PRO:312, E:GLU:31, D:ILE:266, D:ASP:269, D:ASP:263, D:THR:267, D:ASN:268, D:SER:259, F:ASP:344, E:LYS:42, F:TRP:314, F:SER:377, D:ASN:262, D:MET:264, E:TYR:33, D:LYS:272, F:LYS:390, D:LYS:271, F:VAL:384, F:GLU:378, D:PRO:265, E:SER:35"
4ZT1,"A:SER:152, A:LEU:201, A:ASP:103, A:GLY:200, A:SER:202, A:LYS:105, A:LYS:160, A:VAL:190, A:GLU:107, A:THR:204, A:GLU:156, A:GLN:153, A:ASP:154, A:ASN:12, A:LEU:151, A:ASN:161, A:THR:203, A:ASN:104"
1IHM,"B:HIS:2286, C:PRO:3317, C:GLU:3303, A:SER:1398, B:ALA:2316, C:LYS:3391, A:HIS:1381, B:ALA:2446, B:GLN:2264, B:THR:2279, C:HIS:3381, B:ASN:2394, C:VAL:3500, B:ILE:2318, C:PRO:3315, A:ALA:1361, A:SER:1385, A:ASN:1394, B:HIS:2310, B:THR:2280, C:PRO:3379, B:LYS:2391, A:ASP:1350, C:GLY:3396, C:THR:3280, C:PRO:3382, C:GLY:3325, B:THR:2347, C:PHE:3312, C:GLN:3449, A:THR:1297, C:THR:3347, B:HIS:2404, A:SER:1380, B:HIS:2381, B:ARG:2275, C:LEU:3276, B:SER:2283, C:PRO:3308, B:ASP:2273, B:GLY:2278, C:LEU:3405, C:SER:3397, B:PHE:2352, C:VAL:3282, B:PHE:2309, B:PRO:2237, C:ILE:3399, B:SER:2397, B:VAL:2353, B:LEU:2236, C:ALA:3406, A:GLN:1360, C:GLY:3274, C:ALA:3316, B:ASN:2235, C:PRO:3311, C:GLY:3467, C:ASP:3463, B:ILE:2399, C:GLY:3278, C:ASP:3273, B:PRO:2315, A:THR:1348, B:ASP:2305, B:VAL:2500, C:VAL:3263, C:PRO:3237, B:PRO:2393, B:THR:2348, C:THR:3348, C:LEU:3236, C:ASN:3235, C:ASN:3498, B:ASN:2498, C:THR:3400, C:SER:3240, B:PRO:2379, C:THR:3466, B:THR:2466, C:PRO:3393, A:SER:1383, B:ALA:2406, C:SER:3408, C:ASN:3394, C:VAL:3353, B:ASP:2463, B:PRO:2349, C:VAL:3277, B:GLY:2396, B:GLN:2449, B:GLU:2313, C:ASP:3305, C:PHE:3309, B:PRO:2281, A:THR:1347, A:PRO:1349, C:HIS:3310, C:PRO:3464, C:ILE:3318, B:GLY:2274, C:GLY:3314, C:PHE:3352, A:ASN:1362, B:GLY:2467, B:SER:2398, A:THR:1351, C:HIS:3404, C:SER:3398, B:ASP:2350, C:GLU:3313, C:ASP:3350, B:THR:2400, C:ALA:3446, B:VAL:2277, B:PRO:2308, B:GLY:2325, B:LEU:2276, C:ILE:3392, B:LEU:2405, C:ARG:3275, C:GLN:3264, B:VAL:2462, C:ASP:3465, A:SER:1397, B:PRO:2382, B:PRO:2464, B:PHE:2312, A:ASP:1346, C:SER:3385, C:SER:3239, B:ASP:2465, B:ASP:2346, B:PRO:2317, B:ILE:2392, B:GLU:2303, B:SER:2239, B:SER:2408, B:SER:2240, C:PRO:3281, B:PRO:2311, A:GLY:1384, A:PHE:1352, A:GLY:1396, A:PRO:1382, C:THR:3307, C:THR:3279, B:SER:2262, C:SER:3262, B:THR:2307, C:PRO:3349, B:VAL:2282, B:GLU:2401, B:GLY:2314"
1BR6,"A:TYR:154, A:GLY:142, A:ALA:150, A:PRO:143, A:THR:159, A:SER:149, A:GLU:67, A:HIS:94, A:TYR:194, A:ALA:66, A:ASN:23, A:PRO:95, A:VAL:18, A:ASN:195, A:GLU:138, A:GLU:145, A:TYR:91, A:THR:17, A:SER:20, A:GLN:160, A:ALA:118, A:ARG:193, A:TYR:153, A:THR:163, A:LEU:68, A:ILE:192, A:THR:116, A:PHE:119, A:ASN:141, A:ARG:197, A:ALA:101, A:ALA:16, A:ASN:113, A:ARG:114, A:GLY:158, A:TYR:115, A:HIS:65, A:PHE:117, A:GLN:19, A:GLY:157, A:GLY:15, A:GLU:146, A:GLN:112"
2BQQ,"A:VAL:136, A:ASP:93, A:ASN:96, A:ASP:134, A:TYR:64, A:ASP:62, A:ARG:63, A:ASP:135, A:ILE:95, A:PHE:132, A:ASN:94, A:ASN:60, A:ASP:130"
2HEV,"R:TYR:119, R:GLN:97, R:TRP:86, R:CYS:81, R:ARG:90, R:LEU:98, R:LYS:142, R:ASP:117, R:CYS:141, R:ASN:88, R:CYS:99, R:GLY:70, R:GLN:114, R:PRO:143, R:PRO:83, R:CYS:125, R:LYS:96, R:PRO:115, R:LEU:89, R:LEU:116, R:GLY:68, R:ALA:140, R:PRO:130, R:CYS:128, R:ARG:95, R:PRO:127, R:THR:100, R:GLU:94, R:ALA:126, R:HIS:132, R:PHE:71, R:VAL:123, R:SER:118, R:ASP:124, R:CYS:87, R:PRO:129, R:PRO:69, R:SER:91"
6J5C,"A:LYS:309, A:GLU:387, A:PHE:332, A:ALA:313, A:SER:333, A:THR:305, A:ASP:308, A:LYS:336, A:GLY:334, A:LYS:311, A:THR:331, A:SER:310, A:SER:335, A:PHE:312"
1URZ,"A:LYS:309, A:GLU:387, A:PHE:332, A:SER:333, A:THR:305, A:ASP:308, A:LYS:336, A:GLY:334, A:THR:335, A:THR:310, A:THR:313, A:LYS:311, A:PHE:312"
4TW1,"G:TRP:74, G:ASP:211, G:ASN:206, G:LYS:210, G:ARG:264, G:TYR:73, G:TRP:262, G:ASN:71, G:TRP:208, G:LEU:207, G:PHE:267"
6L8Q,"B:GLN:576, A:ASN:90, B:LYS:543, B:GLN:522, A:LYS:679, C:GLY:97, A:HIS:98, B:THR:579, A:SER:91, B:ARG:401, A:GLN:95, B:THR:405, A:ASN:117, B:TRP:535, B:ILE:529, A:ARG:145, A:ARG:138, B:VAL:530, C:SER:99, C:ASN:117, A:ASN:72, B:VAL:403, A:TYR:116, A:ASP:94, C:ARG:138, B:ASP:539, C:HIS:98, B:ASN:519, A:GLU:89, B:VAL:527, C:GLN:95, C:TYR:116, A:GLN:139, B:LYS:400, B:SER:532, A:TYR:133, B:LEU:548, B:GLU:536, C:SER:91, B:ILE:442, B:ASN:398, A:GLY:97, C:GLN:139, A:ASP:241, B:ASN:521, C:ASP:241, A:LEU:140, B:TYR:541, B:GLN:544, B:GLU:549, B:SER:528, C:GLU:89, C:PHE:96, C:TYR:133, C:LEU:140, B:LYS:496, A:PHE:96, B:ARG:542, C:LYS:679, C:ASP:94, C:ASN:90, B:TYR:540, A:SER:99, C:ARG:145, B:PRO:531"
4GSX,"A:LYS:325, A:ALA:313, A:LEU:389, A:LEU:387, A:GLY:349, A:MET:301, A:SER:298, A:VAL:379, A:PRO:332, A:LYS:361, A:PRO:372, A:PRO:364, A:GLU:311, A:GLY:304, A:GLU:309, A:TYR:326, A:GLU:342, A:LYS:343, A:TRP:391, A:GLU:368, A:THR:346, A:GLU:362, A:SER:305, A:SER:338, A:ARG:350, A:ALA:386, A:ALA:331, A:GLY:328, A:ASP:330, A:TYR:299, A:PHE:306, A:GLN:323, A:THR:319, A:LYS:388, A:LEU:321, A:SER:339, A:LEU:308, A:VAL:312, A:PRO:371, A:THR:329, A:VAL:300, A:ALA:354, A:LYS:363, A:SER:390, A:ILE:335, A:GLU:327, A:CYS:302, A:GLU:314, A:GLU:370, A:PRO:336, A:HIS:317, A:GLY:383, A:GLN:340, A:LYS:334, A:LYS:307, A:ILE:352, A:LEU:351, A:THR:315, A:GLU:384, A:PHE:337, A:VAL:345, A:ASN:366, A:LYS:310, A:ASP:360, A:LYS:385, A:GLN:347, A:ALA:382, A:THR:303, A:GLY:344, A:GLN:316"
3K2O,"A:GLU:61, A:GLU:57, A:ASP:158, A:SER:291, A:LEU:326, A:GLU:319, A:LEU:323, A:GLU:58, A:ARG:65, A:GLU:322, A:ARG:62, A:SER:55, A:GLN:53, A:HIS:320"
6CGV,"A:GLU:182, A:LYS:181, A:GLN:191, A:PRO:193, A:THR:192, A:THR:180, A:TYR:195, A:ASN:178, A:ASP:278"
1KDB,"A:LYS:70, A:LYS:64, A:GLU:57, A:ASP:95, A:LYS:127, A:MET:98, A:GLY:96, A:THR:120, A:ASN:68, A:GLU:135, A:HIS:124, A:GLN:106, A:PHE:61, A:ARG:105, A:LYS:97, A:ALA:60, A:LYS:9, A:HIS:121"
4XAJ,"A:ASP:67, A:SER:213, A:GLY:262, A:GLU:155, A:TRP:342, A:ASP:43, A:ASN:152, A:GLU:46, A:TYR:157, A:ASN:236, A:GLN:154, A:MET:332, A:TRP:232, A:TYR:212, A:GLU:216, A:ASP:211, A:PHE:158, A:GLU:113, A:HIS:41, A:THR:239, A:TRP:64, A:ALA:65, A:SER:235, A:ARG:68, A:GLY:15, A:ILE:214, A:ASP:16"
1R4P,"F:ASN:14, B:GLU:15, C:SER:54, F:GLU:15, F:GLU:64, D:TRP:29, E:SER:31, E:ASN:14, B:SER:60, F:SER:31, D:GLU:57, B:GLY:59, E:GLU:15, C:ALA:63, E:GLU:57, C:LYS:12, D:GLY:61, E:SER:54, B:ARG:32, F:LYS:12, D:SER:53, D:ASN:14, C:GLY:61, C:SER:53, D:THR:20, F:ALA:1, C:ALA:1, D:THR:18, B:GLU:57, F:ALA:63, E:THR:20, D:LYS:12, C:ASP:16, D:GLU:15, F:SER:53, D:PHE:62, E:THR:18, C:SER:31, F:GLU:57, E:LYS:12, D:ASP:16, F:PHE:62, C:GLY:59, F:GLY:61, C:GLU:57, C:THR:18, E:TRP:29, B:ASP:16, F:GLY:59, F:ASP:16, F:THR:18, D:THR:55, C:TRP:29, B:SER:31, F:THR:55, E:PHE:62, B:SER:54, B:THR:55, E:ALA:63, B:GLY:61, B:THR:30, E:ASP:16, F:TRP:29, D:SER:31, D:THR:30, E:THR:30, B:THR:18, E:GLY:61, C:THR:20, E:ARG:32, C:ASN:14, B:ASN:14, D:SER:54, B:PHE:62, D:ARG:32, B:SER:53, C:PHE:62, E:GLY:59, F:THR:20, F:SER:54, E:SER:53, B:TRP:29, F:THR:30, F:ARG:32, E:THR:55, D:GLY:59, C:THR:55, C:ARG:32, B:SER:58"
1CN4,"A:HIS:153, B:GLU:60, B:HIS:114, B:PRO:95, A:SER:91, B:GLU:34, B:GLU:62, B:THR:87, B:VAL:94, B:PRO:203, A:ASP:61, A:GLU:117, B:ASP:89, A:SER:152, B:PHE:93, A:LEU:33, A:ASP:89, B:ALA:88, A:PRO:95, A:HIS:114, A:THR:87, A:LEU:59, B:GLU:202, A:ALA:88, B:SER:204, A:SER:204, B:LEU:33, A:MET:200, B:SER:92, A:VAL:94, B:LEU:59, A:MET:150, B:SER:91, A:GLU:34, B:ASP:61, A:PHE:93, B:HIS:153, A:PHE:205, B:PRO:149, A:GLU:60, B:GLU:117, A:THR:90, B:MET:150, B:SER:152, B:THR:90, A:PRO:149, A:GLU:62, A:SER:92, A:PRO:203, A:GLU:202, B:PHE:205"
2LJM,"A:ASP:39, A:PHE:60, A:GLU:31, A:LEU:35, A:TYR:58, A:CYS:81, A:GLU:44, A:LEU:33, A:ASN:38, A:ALA:59, A:CYS:28, A:TYR:30, A:THR:26, A:TYR:40, A:CYS:32, A:ALA:61, A:ARG:43, A:LYS:29, A:LYS:34, A:SER:23"
3MWR,"A:GLU:111, A:ASN:71, A:TYR:76, A:SER:59, A:TYR:115, A:TYR:73, A:ALA:64, A:VAL:63, A:GLY:112, A:LYS:61, A:GLN:69, A:GLN:60, A:THR:70, A:ASN:62"
1KJ2,"B:SER:51, A:GLN:1, A:GLN:95, A:ALA:103, B:TRP:45, B:ASP:54, B:ARG:50, A:PHE:106, A:GLY:96, B:GLN:44, B:PRO:98, A:GLU:25, B:TRP:31, B:LEU:43, A:GLN:2, A:GLY:107, B:LYS:58, A:ASP:26, A:ARG:101, A:GLY:97, B:LEU:60, A:TYR:94, B:VAL:57, B:GLU:56, B:TRP:100, B:GLN:42, B:PRO:61, B:SER:59"
3MBW,"A:MET:73, A:VAL:72, A:PRO:109, A:CYS:188, A:ASN:57, A:PHE:156, A:PHE:108, A:VAL:189, A:GLU:157, A:MET:66, A:SER:153, A:SER:68, A:ARG:103, A:ARG:159, A:CYS:70, A:SER:107"
2W2D,"A:PRO:32, A:GLY:142, A:VAL:14, A:GLN:29, A:ASP:141, A:ILE:138, A:MET:30, A:GLN:31, B:ASP:523, B:SER:522, A:LYS:23, A:PRO:140, A:TYR:21"
6BTV,"A:ASP:10, A:LEU:33, A:LYS:12, A:ARG:24, A:TRP:28, A:ASP:26, A:CYS:9, A:PRO:11, A:TYR:32, A:LYS:30, A:ARG:27, A:ARG:25, A:SER:23, A:THR:21, A:SER:8"
3HH2,"B:ASN:83, A:LEU:85, A:TYR:38, B:PHE:87, A:ILE:94, A:ALA:34, B:TYR:95, B:ILE:94, B:PRO:35, A:TYR:95, B:GLU:25, A:ILE:33, A:ILE:32, A:GLN:92, A:GLU:25, B:TRP:31, B:LYS:97, B:GLU:91, A:PRO:35, A:LYS:97, A:LYS:36, A:ASN:83, B:LYS:90, B:ILE:33, B:ALA:34, B:ASP:30, A:ASP:30, A:TRP:31, B:LEU:85, A:GLU:91, A:PHE:87, B:ILE:93, B:LYS:36, A:ILE:93, B:GLN:92"
2G7C,"A:TYR:226, A:ARG:197, A:PRO:179, A:TYR:176, A:LEU:201, A:ASN:222, A:ASN:181, A:LEU:202, A:HIS:200, A:LEU:199, A:PHE:198, A:GLY:203, A:TYR:194, A:ALA:180, A:ILE:165, A:VAL:252, A:THR:182"
4AHG,"A:GLY:85, A:GLN:93, A:SER:37, A:PRO:38, A:ASP:41, A:PRO:90, A:PRO:88, A:PRO:91, A:SER:87, A:THR:36, A:LYS:40, A:TRP:89, A:GLY:34, A:LEU:35, A:CYS:39, A:GLY:86, A:GLN:12, A:LEU:83"
2MVX,"A:ARG:5, A:HIS:6, A:ALA:2, A:ASP:7, A:ASP:1, A:SER:8, A:TYR:10, A:PHE:4, A:GLU:3"
3TGQ,"A:LEU:122, A:ALA:219, A:ASP:78, A:ILE:491, A:ALA:224, A:LYS:421, A:VAL:245, A:MET:434, A:VAL:120, A:GLU:492, A:THR:71, A:VAL:84, A:GLN:246, A:LYS:432, A:PRO:79, A:ALA:436, A:ALA:73, A:PRO:369, A:CYS:205, A:ALA:204, A:GLN:82, A:GLN:203, A:HIS:72, A:CYS:74, A:PHE:53, A:TYR:435, A:ARG:419, A:GLN:422, A:ILE:423, A:THR:244, A:PRO:76, A:GLY:198, A:VAL:75, A:CYS:119, A:VAL:200, A:PRO:220, A:ASN:80, A:THR:202, A:ALA:221, A:PRO:437, A:PHE:223"
1B9C,"A:LYS:101, A:LEU:178, A:ASN:164, A:PHE:165, A:ASN:198, A:LYS:166, A:ALA:227, A:THR:153, A:TYR:182, A:TYR:151, A:ALA:163, A:HIS:148, A:ASN:149, A:ILE:152, A:LYS:162, A:SER:147, A:HIS:181, A:GLY:228, A:TYR:200, A:ASP:180, A:HIS:199"
1ALU,"A:LEU:178, A:MET:184, A:LYS:27, A:SER:176, A:THR:20, A:SER:22, A:ARG:40, A:ARG:30, A:LEU:33, A:GLN:75, A:LYS:171, A:PHE:74, A:ARG:179, A:PHE:78, A:CYS:73, A:GLU:80, A:MET:67, A:SER:37, A:ASP:26, A:LYS:129, A:ARG:182, A:ASP:34, A:HIS:164, A:GLN:183, A:GLU:23, A:ARG:168, A:GLU:69, A:GLN:175, A:SER:21, A:GLU:172, A:SER:76"
3PV6,"A:MET:203, A:GLY:92, A:GLU:115, A:LYS:74, A:ARG:90, A:VAL:76, A:GLU:87, A:PRO:91, A:PHE:72, A:GLU:116, A:TRP:67, A:ASN:41, A:PRO:110, A:ALA:88, A:GLN:113, A:GLU:75, A:GLY:111, A:PHE:89"
1M9S,"A:PHE:126, A:ASN:84, A:SER:168, A:PHE:238, A:VAL:234, A:GLU:236, A:SER:192, A:ASN:106, A:ASP:233, A:ILE:82, A:TRP:124, A:PHE:104, A:GLN:80, A:GLU:167, A:ASP:189, A:GLN:211, A:TYR:170, A:LYS:102, A:GLU:194, A:THR:190, A:ASN:212, A:TYR:214"
6O22,"D:GLU:23, D:ALA:16, D:VAL:62, D:GLU:25, D:LEU:61, D:PRO:66, D:PRO:21, D:LEU:12, D:LYS:17, D:ILE:9, D:ASP:118, D:VAL:73, D:PHE:72, D:VAL:136, D:ASN:14, D:LYS:71, D:ASN:70, D:ALA:141, D:ASP:20, D:VAL:11, D:ASN:13, D:PRO:64, D:PHE:28, D:SER:75, D:ILE:60, D:GLY:63, D:PRO:15, D:LYS:10"
1UEX,"C:LEU:664, C:LYS:660, C:SER:631, C:ARG:629, C:ASN:633, C:GLN:628, C:ASN:658, C:GLN:639, C:VAL:591, C:LYS:643, C:PHE:634, C:PRO:627, C:GLN:625, C:VAL:635, C:GLN:661, C:ARG:632, C:ARG:636"
2UZX,"B:GLN:332, B:LYS:368, B:LEU:337, B:ASP:339, B:ARG:426, B:SER:336, B:GLY:334, B:GLN:328, B:ILE:446, B:ARG:331, B:ARG:469, B:ASP:449, B:ALA:335, B:ASN:338, B:ILE:333, B:TYR:369, B:GLY:326, B:ALA:327, B:GLY:448"
3QD6,"S:GLN:30, S:THR:52, S:GLN:36, S:GLN:45, S:VAL:91, S:LYS:81, S:PHE:54, S:TRP:71, S:THR:96, S:GLN:42, S:PRO:23, S:THR:55, S:GLU:21, S:PRO:22, S:LYS:29, S:GLN:92, S:THR:99, S:CYS:83, S:THR:57, S:SER:35, S:GLU:64, S:GLU:98, S:GLU:56, S:ARG:27, S:GLY:63, S:CYS:62, S:GLN:93, S:CYS:51, S:HIS:80, S:TYR:82, S:CYS:37, S:LYS:94, S:GLU:66, S:GLU:53, S:SER:65, S:CYS:59, S:SER:39"
3BT1,"U:GLN:114, U:SER:269, U:PRO:118, U:GLY:191, U:LEU:187, U:ARG:58, U:LEU:113, U:GLY:217, U:ASN:220, U:ASN:190, U:PRO:218, U:ARG:89, U:GLU:94, U:GLN:193, U:TYR:92, U:ARG:192, U:SER:112, U:GLU:185, U:PRO:188, U:SER:90, U:THR:267, U:ARG:91, U:THR:174, U:GLN:189, U:ARG:116, U:LYS:268, U:ASN:186"
2LMS,"A:ASP:32, A:CYS:29, A:ALA:145, A:GLU:41, A:ARG:22, A:ASP:35, A:VAL:142, A:LEU:153, A:LEU:30, A:ARG:144, A:PHE:27, A:LEU:26, A:SER:152, A:GLU:141, A:ARG:125, A:HIS:34, A:SER:25, A:GLN:40, A:MET:148, A:LYS:31, A:ILE:24, A:GLY:37, A:ARG:33, A:ALA:19, A:ARG:149, A:GLU:146"
3NJP,"A:LYS:443, A:ASN:473, A:VAL:417, A:GLU:472, A:HIS:409, A:PHE:412, A:LEU:419, A:SER:468, A:PRO:349, A:GLN:384, A:GLY:441, A:GLN:408, A:ILE:466, A:ALA:385, A:SER:418, A:LEU:348, A:ALA:415, A:THR:464, A:LYS:465, A:ASN:469, A:ILE:467"
2FKG,"A:GLU:45, A:GLU:37, A:LYS:119, A:GLY:95, A:LYS:299, A:SER:298, A:ALA:284, A:ASP:118, A:ASP:68, A:LYS:117, A:ASP:318, A:ASP:93, A:SER:319, A:ASN:71, A:THR:322, A:TYR:52, A:ASN:70, A:LEU:94, A:LYS:46, A:ALA:277, A:VAL:32, A:VAL:42, A:LYS:69, A:PRO:35, A:VAL:30, A:THR:295, A:LYS:44, A:LYS:280, A:ALA:283, A:ASN:297, A:SER:43, A:ASP:92, A:SER:276, A:LEU:34, A:SER:275, A:THR:282, A:GLY:321, A:ASP:33, A:GLY:36, A:ALA:278, A:ASN:320"
1CM2,"A:LYS:72, A:SER:41, A:GLU:68, A:THR:34, A:GLU:66, A:GLN:4, A:GLN:3, A:GLY:67, A:SER:64, A:MET:1, A:HIS:76, A:GLN:71, A:PHE:2, A:GLU:75, A:GLU:70"
5OMZ,"A:LYS:101, A:ASN:77, A:THR:41, A:TYR:38, A:GLN:37, A:THR:75, A:GLU:76, A:ALA:39, A:PHE:18, A:SER:74, A:ILE:23, A:THR:103, A:PHE:20, A:GLU:99, A:LYS:22, A:GLY:40, A:LYS:100, A:THR:19, A:ALA:16, A:ILE:102, A:ASP:42, A:ALA:17, A:THR:15, A:GLY:43"
3D7V,"A:GLU:317, A:TRP:312, A:VAL:307, A:PHE:318, A:ALA:205, A:GLN:309, A:LEU:174, A:VAL:316, A:GLY:311, A:ASP:313, A:GLU:322, A:LYS:308, A:GLY:314, A:ARG:208, A:ARG:310, A:GLN:177, A:HIS:320"
1JE6,"A:VAL:233, A:LEU:234, A:TRP:244, A:ASN:238, A:ASP:236, A:GLN:242, A:PRO:235, A:ARG:210, A:GLY:231, A:ASP:232, A:ARG:203, A:THR:243, A:GLY:237"
4BKD,"A:GLU:45, A:THR:52, A:ARG:70, A:ASN:43, A:ILE:44, A:GLY:51, A:ASP:72, A:GLU:87, A:ASN:47, A:GLY:49, A:ILE:53, A:PRO:50, A:LYS:97, A:HIS:76, A:GLU:42, A:GLY:48, A:GLY:46"
1DB2,"A:TYR:210, A:GLU:351, A:ARG:271, A:PRO:270, A:GLU:350, A:LEU:269, A:ALA:348, A:ALA:345, A:THR:211, A:GLU:212, A:MET:347, A:TYR:220, A:PRO:349, A:ARG:346, A:TYR:241"
5KQU,"A:TYR:65, A:LEU:58, A:TYR:133, A:ASN:136, A:GLY:64, A:ASP:72, A:TYR:134, A:ILE:63, A:TYR:59, A:GLU:47, A:GLU:69, A:GLY:66, A:ASP:45, A:VAL:61, A:HIS:46"
4AYE,"D:TYR:279, D:ASN:255, D:GLU:247, D:HIS:248, D:LYS:230, D:ASN:280, D:GLY:228, D:ASP:257, D:ASP:226, D:LYS:250, D:GLN:281, D:ILE:246, D:LYS:245, D:VAL:256, D:VAL:308, D:ASP:225, D:SER:251, D:LEU:278, D:PRO:252, D:LEU:249"
6CUJ,"A:HIS:362, A:ASP:356, A:GLN:366, A:LEU:361, A:ILE:354, A:PHE:340, A:GLY:364, A:THR:365, A:GLU:425, A:GLU:383, A:LYS:343, A:MET:363, A:ARG:339, A:LYS:367, A:ASP:352, A:GLU:322, A:GLY:353, A:ARG:337, A:ASP:360, A:ASN:320"
4K71,"B:ASN:113, B:ALA:136, B:TYR:88, B:LEU:112, B:LEU:82, B:LYS:85, B:GLY:84, C:ILE:1, B:GLY:129, B:GLU:115, B:GLU:133, B:TRP:131, C:VAL:85, B:PRO:132, B:GLY:86, B:LEU:135, C:GLN:2, B:GLN:139, B:GLY:83, B:ASP:130"
5MKK,"B:GLU:552, B:THR:360, B:VAL:551, B:ILE:543, B:GLN:561, B:SER:558, B:THR:555, B:PRO:362, B:ALA:562, B:GLY:554, B:LEU:559, B:ILE:550, B:GLY:564, B:TRP:541, B:THR:358, B:LEU:359, B:GLU:553"
2B8H,"C:ASN:217, D:ARG:221, B:PHE:453, D:THR:93, A:GLN:392, C:THR:391, B:LEU:264, C:ARG:221, D:PRO:380, C:TRP:266, D:ASN:217, B:ARG:254, B:THR:93, A:THR:391, B:TRP:219, D:PHE:453, B:TRP:266, A:ASN:217, D:ARG:254, A:GLU:452, A:TYR:256, B:GLN:392, C:LYS:378, A:TRP:266, A:PRO:380, B:ASN:217, B:THR:391, A:PHE:453, C:ILE:263, B:GLU:452, A:TRP:219, A:ARG:254, A:LYS:378, C:GLN:392, B:ILE:263, A:ARG:221, C:PRO:380, A:THR:93, C:ARG:254, C:PHE:453, A:ASN:95, D:TRP:266, D:ILE:263, C:TYR:256, B:ASN:95, D:TRP:219, A:THR:451, D:GLN:392, A:ILE:263, D:TYR:256, C:GLY:358, B:TYR:256, D:GLU:452, D:ASN:95, B:THR:451, C:GLU:452, B:GLY:358, B:ARG:221, D:GLY:358, A:LEU:264, C:ASN:95, D:LYS:378, C:THR:93, D:THR:391, C:LEU:264, D:THR:451, A:GLY:358, B:LYS:378, C:TRP:219, D:LEU:264, B:PRO:380, C:THR:451"
4C56,"I:ASN:142, I:TYR:186, I:GLY:123, I:LEU:126, I:LYS:226, I:ARG:130, I:SER:131, I:SER:145, I:TYR:233, I:ILE:190, I:ASP:139, I:GLN:125, I:LYS:141, I:PHE:137, I:GLY:140, I:LYS:229, I:LYS:128, I:ARG:135, I:GLN:149, I:PRO:6, I:LYS:188, I:ASP:5, I:ASN:192, I:ASP:127, I:LYS:153, I:TYR:129, I:PRO:8, I:GLU:231"
3P5B,"A:SER:535, A:GLY:547, A:PRO:540, A:HIS:557, A:HIS:551, A:ALA:544, A:MET:546, A:VAL:536, A:HIS:537, A:PRO:541, A:ALA:539, A:VAL:568, A:SER:545, A:HIS:553, A:THR:548, A:ALA:542, A:GLU:567, A:GLU:543, A:GLN:555, A:GLU:569, A:THR:538, A:GLU:593, A:SER:595, A:VAL:550, A:GLN:554, A:ARG:549, A:ARG:580"
1OAN,"A:LEU:389, A:LEU:387, A:VAL:308, A:THR:176, A:SER:274, A:GLY:177, A:LYS:361, A:GLU:311, A:ILE:312, A:PRO:364, A:SER:168, A:ARG:323, A:GLU:174, A:ILE:170, A:LYS:305, A:GLU:360, A:GLU:161, A:LEU:294, A:TRP:391, A:LYS:160, A:LYS:291, A:GLN:293, A:PHE:306, A:LYS:388, A:GLN:386, A:VAL:309, A:GLY:179, A:THR:180, A:GLU:327, A:VAL:162, A:THR:171, A:LYS:307, A:GLN:325, A:LYS:163, A:ALA:173, A:LYS:310, A:ASN:390, A:ASP:362, A:GLU:172, A:GLY:385"
2LZG,"A:TYR:100, A:LEU:57, A:GLN:72, A:MET:50, A:HIS:73, A:VAL:93, A:MET:62, A:LEU:54, A:TYR:67, A:GLY:58, A:ILE:61, A:LYS:94, A:HIS:96, A:VAL:75, A:ILE:99, A:ARG:97"
2OMX,"B:PRO:16, B:ASN:20, B:THR:63, B:LYS:14, B:PRO:65, B:ASP:67, B:ARG:70, B:ILE:52, B:PHE:17, B:GLU:13, B:LEU:66, B:VAL:48, B:LYS:61, B:PRO:47, B:GLY:15, B:GLU:64, B:LYS:19, B:TRP:59, B:GLY:49, B:ASN:12, B:PRO:18"
4U0Q,"A:ILE:193, A:LYS:202, A:ILE:328, A:PHE:340, A:LYS:212, A:ASP:331, A:GLN:342, A:ALA:216, A:GLU:341, A:ILE:213, A:ASN:338, A:LEU:343, A:TYR:335, A:LEU:339, A:PHE:209, A:ASN:334, A:ALA:205, A:THR:337, A:SER:344"
5IUS,"A:ILE:126, C:ASN:63, A:PRO:130, C:ALA:121, C:VAL:68, C:GLN:66, A:GLN:133, A:TRP:32, C:TYR:123, A:HIS:64, A:PRO:31, C:ILE:54, A:THR:59, A:VAL:66, C:GLU:58, C:ARG:113, A:LEU:128, A:SER:127, C:LYS:62, A:SER:62, A:ILE:134, C:GLY:120, A:ILE:132, C:ASP:61, C:TYR:56, A:PHE:63, C:ASP:73, C:ARG:125, A:ALA:129, A:LYS:131"
4MHI,"B:VAL:52, A:GLN:122, D:THR:41, A:MET:292, A:ASN:244, D:ILE:45, D:GLY:20, B:ASP:19, B:THR:41, A:ILE:123, C:ALA:39, D:ASP:46, B:TRP:21, F:ILE:56, B:ILE:45, F:GLN:42, A:SER:167, F:ASP:19, C:SER:291, C:HIS:18, A:ARG:166, A:TYR:201, D:ILE:56, A:LYS:157, D:ASP:19, B:ALA:35, F:TRP:21, B:GLU:39, A:ASN:172, F:ALA:35, E:THR:318, A:GLN:40, D:TYR:34, B:GLY:20, F:GLY:20, F:LYS:153, D:VAL:18, D:LYS:38, A:PRO:125, A:GLU:246, A:ASN:169, D:GLU:39, C:THR:318, B:LYS:38, A:PRO:293, A:TYR:168, D:ALA:35, C:HIS:38, F:VAL:18, D:TRP:21, F:ILE:45, A:HIS:38, C:GLN:40, B:ILE:56, F:THR:41, A:TRP:127, A:THR:171, A:THR:318, B:ASP:46, A:SER:291, A:SER:126, B:VAL:18, A:SER:207, B:GLN:42, A:THR:206, A:ALA:242, E:HIS:38, C:MET:292, D:GLN:42, E:GLN:40, F:LYS:38, A:SER:128, A:ILE:121, E:SER:291, A:LYS:165"
6VWU,"A:TYR:181, A:GLU:160, A:ASP:144, A:LEU:183, A:GLY:186, A:MET:163, A:ASN:195, A:SER:179, A:ASN:165, A:ASP:143, A:GLY:161, A:GLU:139, A:HIS:258, A:GLU:167, A:THR:185, A:LEU:140, A:LYS:176, A:ASP:142, A:LEU:180, A:ASP:194"
5HFM,"A:ASP:632, A:ALA:578, A:ARG:579, A:ILE:646, C:TRP:571, C:VAL:570, A:TRP:628, B:LYS:633, C:GLN:567, C:ILE:573, C:HIS:564, C:LEU:576, A:THR:569, C:GLN:577, A:GLN:577, A:LYS:640, C:LEU:568, A:GLU:643, A:ILE:573, B:LYS:640, A:GLN:563, C:LYS:574, A:GLN:650, B:ASP:632, A:GLN:567, A:LYS:574, A:LEU:576, A:GLU:629, A:TRP:571, A:LEU:568, C:THR:569, A:THR:639, C:GLU:560, C:GLN:575, B:GLU:636, C:GLN:563, A:GLU:560, C:ALA:578, B:GLU:643, A:HIS:564, A:GLU:636, C:ARG:579, A:GLN:575, A:TRP:631"
2Q9S,"A:TRP:97, A:ALA:131, A:MET:35, A:THR:29, A:GLU:129, A:ALA:28, A:THR:56, A:PHE:27, A:ARG:30, A:ASP:76, A:VAL:11, A:LYS:9, A:LYS:37, A:LEU:10, A:VAL:32, A:LYS:31, A:VAL:23, A:ARG:78, A:VAL:25, A:LYS:100, A:PHE:57, A:GLY:26, A:ASP:77, A:ALA:36, A:ASP:98, A:GLY:24"
2V8N,"A:GLU:374, A:GLY:377, A:PHE:378, A:GLY:380, A:SER:249, A:ALA:252, A:THR:253, A:SER:375, A:TYR:373, A:GLN:379, A:SER:307, A:GLY:254, A:LYS:42, A:PHE:251, A:ILE:376, A:SER:43, A:ASN:245, A:THR:248, A:PHE:250, A:PHE:308, A:THR:310, A:ALA:309, A:ALA:312, A:SER:311"
2KN1,"A:PHE:13, A:ALA:19, A:LEU:25, A:ARG:26, A:HIS:18, A:ASP:14, A:THR:31, A:SER:29, A:GLN:24, A:LEU:16, A:SER:28, A:CYS:20, A:LEU:17, A:TYR:12, A:PRO:22, A:ILE:21, A:SER:15"
1N8Y,"C:GLU:186, C:ASN:181, C:MET:145, C:PRO:176, C:SER:168, C:GLY:136, C:THR:165, C:ASP:144, C:ASN:166, C:ARG:167, C:TYR:142, C:PRO:172, C:ARG:169, C:CYS:174, C:PRO:173, C:PRO:138, C:CYS:171, C:ALA:170"
1C7P,"A:CYS:95, A:ALA:90, A:VAL:93, A:ALA:76, A:ALA:94, A:LYS:97, A:TYR:20, A:ARG:101, A:LEU:15, A:ASP:91, A:ARG:14, A:LEU:79, A:CYS:77, A:ARG:98, A:HIS:78, A:ALA:83, A:GLY:16"
3WE1,"A:GLU:647, A:GLN:595, A:HIS:669, A:LYS:589, A:GLU:606, A:ASN:641, A:VAL:643, A:THR:667, A:ASN:639, A:TRP:670, A:GLU:590, A:THR:594, A:GLY:607, A:THR:640, A:LYS:584, A:HIS:596, A:LEU:668, A:ASN:645, A:ALA:665, A:GLU:649, A:VAL:600, A:SER:664, A:SER:642, A:ILE:587, A:SER:586, A:GLU:593, A:LYS:604, A:LEU:666, A:SER:632, A:MET:591, A:LYS:602, A:ILE:631, A:ASP:588, A:PHE:585, A:ALA:592, A:THR:598, A:ALA:608"
5O4E,"E:HIS:90, E:GLN:79, F:ARG:82, F:GLY:88, E:LYS:84, E:ILE:83, F:MET:18, F:GLY:65, F:HIS:86, F:GLU:64, E:ILE:80, F:MET:81, F:GLN:87, F:ASP:63, F:LEU:66, F:GLU:93, F:LYS:84, E:GLY:88, E:GLU:64, E:LYS:48, F:LYS:16, F:TYR:25, F:PHE:17, F:ILE:91, E:GLY:65, E:TYR:21, F:TYR:21, F:HIS:90, F:GLN:79, E:ASP:63, E:ARG:82, E:HIS:86, F:PRO:85, E:ILE:91, E:ASN:62, E:GLN:89, E:PRO:106, E:MET:18, E:TYR:25, E:GLU:42, E:GLU:93, E:TYR:45, F:MET:94, F:ILE:46, E:GLN:22, F:PRO:106, F:LYS:48, F:ASN:62, E:MET:94, E:MET:81, F:ILE:83, E:GLY:92, E:PRO:85, F:TYR:45, F:GLY:92, F:GLN:89, E:GLN:87, E:LEU:66, F:GLN:22, E:TYR:39"
4KJY,"A:GLU:104, A:ASN:27, A:TYR:37, A:THR:49, A:ALA:53, A:LEU:3, A:LEU:54, A:ASP:46, A:ASP:51, A:LYS:39, A:GLU:35, A:LEU:101, A:ARG:103, A:VAL:59, A:LYS:56, A:THR:58, A:THR:102"
2OJ5,"B:GLY:364, B:THR:393, B:PHE:358, A:ASP:340, B:ARG:427, C:GLN:336, A:SER:329, A:ILE:321, B:ARG:429, C:SER:329, C:TRP:417, A:GLY:364, C:ILE:321, A:ARG:427, B:SER:329, A:VAL:392, B:VAL:392, A:PRO:353, A:GLN:336, C:ARG:429, B:GLU:419, C:GLY:364, A:GLU:419, B:GLY:363, A:VAL:391, C:ASP:365, B:ARG:334, C:VAL:391, C:ASP:340, B:PRO:353, A:GLY:363, C:GLY:363, B:ILE:321, C:ASN:338, A:ASN:338, A:GLN:422, A:PHE:358, A:ARG:334, C:GLU:419, C:PRO:353, C:PHE:358, B:TRP:417, C:ILE:323, B:ASN:338, A:TRP:417, A:ILE:323, A:VAL:337, B:VAL:391, C:VAL:337, C:ARG:334, C:ARG:427, B:VAL:337, A:ARG:429, C:VAL:392, B:ILE:323, B:ASP:365, C:THR:393, B:GLN:336, A:THR:393, B:ASP:340"
1K52,"A:PHE:26, A:SER:16, A:THR:30, A:ASP:38, A:TRP:47, A:GLU:27, A:TYR:34, A:THR:39, A:ASP:43, A:ALA:35, A:LYS:7, A:GLU:32, A:GLN:18, A:THR:17, A:GLY:55, A:GLY:54, A:LEU:40, A:VAL:49, A:LYS:23, A:VAL:51, A:GLU:21, A:ALA:52, A:THR:19, A:PHE:22, A:TYR:36, A:THR:48, A:SER:31, A:ALA:20, A:ASP:50"
2M32,"A:ASN:120, A:GLU:49, A:HIS:121, A:GLY:78, A:ARG:79, A:GLN:75, A:SER:15, A:TYR:17, A:GLN:80, A:SER:145, A:SER:13, A:SER:117, A:THR:81, A:GLY:77, A:LEU:151, A:ASN:14, A:HIS:118, A:GLU:116, A:ARG:76"
6MGP,"X:ARG:41, X:GLN:25, X:PRO:27, X:ASP:26, X:ASN:40, X:ASN:30, X:ARG:60, X:PRO:32, X:CYS:31, X:ASN:42, X:ILE:44, X:ASN:39, X:CYS:45, X:GLN:43"
2AS8,"A:GLU:13, A:TYR:203, A:ARG:20, A:ASN:179, A:ALA:12, A:ARG:156, A:GLN:18, A:ALA:180, A:GLY:155, A:GLY:182, A:ASN:199, A:ASP:184, A:ARG:17, A:GLN:181, A:THR:157, A:ASP:15, A:ASP:198, A:SER:178, A:ILE:187, A:TYR:185"
1XKG,"A:ARG:131, A:ILE:193, A:TYR:127, A:ARG:190, A:ASN:187, A:GLY:167, A:HIS:165, A:ILE:163, A:GLN:133, A:LEU:135, A:SER:194, A:GLN:189, A:GLN:170, A:ASN:166, A:PHE:191, A:SER:172, A:LEU:302, A:SER:134, A:GLN:164, A:TYR:173, A:ALA:188, A:ILE:301, A:GLY:192"
4N0F,"A:LYS:123, A:ALA:108, A:MET:118, A:LEU:122, A:LYS:109, A:GLU:133, A:PHE:120, A:GLU:115, A:VAL:105, A:TRP:131, B:LYS:58, A:ASN:119, A:ASP:130, A:PRO:132, A:GLN:124, A:GLY:129, A:GLU:116, A:PHE:117, A:ASP:121, A:THR:107, A:PRO:106"
3VUN,"A:THR:318, B:ASN:53, B:ILE:48, B:ASP:19, A:ASN:38, A:HIS:18, B:ASN:49, B:GLN:42, B:ILE:18, B:GLY:20, B:TRP:21, B:ILE:45, B:GLY:50, B:ASP:46"
5ZDH,"A:PRO:618, A:GLU:605, A:LEU:614, B:ASN:136, A:GLY:643, A:GLU:611, B:ASP:127, B:VAL:134, B:ALA:119, B:ILE:121, A:TYR:608, A:VAL:624, B:ARG:123, A:PRO:626, B:VAL:135, B:GLN:124, B:ASP:138, B:TYR:137, B:ILE:126, B:PRO:139, B:PRO:120, B:ARG:116"
3J27,"A:PRO:384, A:SER:300, A:MET:301, A:LYS:344, A:SER:298, A:LYS:361, A:VAL:347, A:PRO:332, A:GLY:304, A:LYS:305, A:GLU:383, A:GLY:330, A:MET:297, A:GLY:328, A:ASP:329, A:TYR:299, A:GLN:386, A:VAL:382, A:GLU:338, A:GLU:327, A:PRO:336, A:MET:340, A:LYS:334, A:SER:331, A:PHE:337, A:ARG:345, A:GLY:381, A:GLY:385, A:THR:303"
4LN6,"D:ILE:45, D:THR:41, B:THR:49, B:ILE:48, D:GLY:20, A:GLU:269, F:ASN:53, B:ASP:19, E:THR:309, B:THR:41, D:ASN:53, A:THR:20, D:ASP:46, A:THR:309, D:THR:49, E:GLU:21, B:ILE:45, F:ILE:56, F:GLN:42, A:ASN:282, F:ASP:19, D:ILE:56, D:ASP:19, B:TYR:38, D:GLY:50, B:GLY:20, F:GLY:20, C:GLU:21, B:LEU:52, F:LEU:52, C:ARG:22, C:ASN:282, D:LEU:52, A:LYS:44, E:ARG:22, F:ILE:45, A:GLU:21, F:ASP:46, B:ASP:46, F:THR:41, B:ASN:53, B:GLN:42, E:GLU:269, D:TYR:38, D:ILE:48, F:THR:49, D:GLN:42, E:LYS:44, F:ILE:48, E:ASN:282, F:TYR:38"
3LB6,"A:LYS:104, A:GLU:109, A:LYS:105, A:ILE:14, A:GLY:110, A:PHE:107, A:LEU:101, A:ARG:108, A:GLU:15, A:SER:7, A:ARG:11"
2KEE,"A:LYS:43, A:TRP:57, A:ARG:20, A:ASN:46, A:ARG:47, A:ALA:21, A:SER:16, A:ALA:19, A:ASN:22, A:VAL:18, A:ASN:44, A:VAL:49, A:GLU:15, A:ASN:45, A:LYS:24, A:LEU:42, A:HIS:17"
2WRG,"H:PRO:122, H:GLU:116, H:VAL:169, H:LYS:117, H:ALA:259, H:SER:125, H:GLU:119, H:THR:76, H:PHE:118, H:SER:167, H:ARG:149, H:LEU:74, H:LYS:172, H:LYS:166, H:LYS:174, H:SER:114, H:TYR:256, H:LEU:75, H:PHE:115, H:ALA:77, H:THR:124"
5JAA,"C:GLN:97, C:THR:9, C:ALA:104, C:SER:8, C:GLU:12, C:ILE:81, C:SER:88, C:LEU:98, C:PHE:101, C:ASN:93, C:GLN:94, C:TYR:82, C:TYR:14, C:GLU:108, C:GLU:86, C:ASN:85, C:LEU:79, C:LYS:13, C:ILE:10, C:TYR:18, C:THR:80, C:LEU:90"
2Q21,"A:GLU:63, A:GLU:37, A:HIS:27, A:ILE:36, A:GLN:25, A:TYR:64, A:GLN:61, A:ASP:33, A:GLU:31, A:TYR:32, A:SER:17, A:TYR:40, A:ASP:38, A:THR:35, A:PRO:34, A:VAL:29, A:SER:39, A:ILE:21"
3DI2,"B:ASP:114, B:TYR:119, B:VAL:117, B:TYR:205, B:ARG:207, B:ARG:120, B:VAL:118, B:THR:129, B:GLU:121, B:LEU:115, B:TYR:204, B:MET:180, B:SER:116, B:GLY:122, B:PHE:206, B:PRO:209"
1LSG,"A:ALA:108, A:LYS:98, A:GLN:122, A:GLY:118, A:LEU:85, A:GLY:50, A:ARG:22, A:GLY:72, A:GLY:17, A:VAL:121, A:ASP:67, A:ASN:45, A:GLY:23, A:ARG:46, A:ARG:62, A:SER:86, A:LYS:117, A:SER:101, A:ASN:78, A:ASP:102, A:CYS:81, A:PHE:35, A:ASP:53, A:ARG:126, A:ILE:79, A:SER:25, A:VAL:110, A:ASP:19, A:ASN:28, A:ASN:38, A:ASN:75, A:GLY:105, A:THR:44, A:TYR:21, A:ASP:49, A:THR:70, A:PRO:71, A:ASN:20, A:ILE:99, A:SER:51, A:SER:82, A:ARG:69, A:ARG:115, A:ASN:114, A:ALA:111, A:LYS:97, A:TYR:24, A:ILE:125, A:HIS:16, A:THR:119, A:TRP:63, A:ASN:94, A:ASN:66, A:PRO:80, A:ALA:83, A:GLN:58, A:GLY:103, A:TRP:64, A:GLU:36, A:THR:52, A:TYR:54, A:ASP:120, A:THR:90, A:GLY:68, A:GLN:42, A:ASN:47, A:LYS:2, A:THR:48, A:ARG:113, A:ASN:60, A:ASN:107, A:LEU:76, A:ARG:74, A:ASN:104"
5VYH,"A:VAL:26, A:ASN:199, A:LYS:27, A:PRO:97, A:SER:191, A:ALA:29, A:SER:157, A:THR:209, A:ASN:193, A:ARG:190, A:ALA:211, A:SER:28, A:ALA:197, A:GLY:192, A:THR:96, A:ARG:301, A:GLY:198"
5EDV,"A:CYS:874, A:CYS:820, A:LEU:797, A:LYS:873, A:GLN:822, A:TYR:778, A:GLY:805, A:LYS:783, A:PRO:775, A:LYS:795, A:ALA:800, A:CYS:802, A:CYS:893, A:GLN:819, A:GLU:854, A:CYS:828, A:LYS:829, A:ASP:776, A:PHE:876, A:VAL:826, A:PRO:794, A:GLN:892, A:HIS:782, A:TYR:878, A:ARG:830, A:GLU:787, A:ARG:827, A:GLN:801, A:ARG:770, A:ARG:792, A:ASP:793, A:SER:803, A:ASP:852, A:PHE:796, A:THR:786, A:TYR:855, A:LYS:875, A:PHE:804, A:TRP:798"
2WOJ,"D:HIS:60, D:PHE:246, D:TYR:250, C:GLU:304, D:LYS:69, D:LEU:305, C:LEU:305, D:ILE:260, D:GLY:67, C:PHE:246, D:ARG:254, D:ARG:322, D:ARG:75, D:GLY:323, C:GLN:257, D:PHE:309, C:ILE:302, C:GLU:68, D:GLN:257, D:ASP:64, D:GLU:307, C:ARG:75, C:PHE:309, D:SER:63, C:LEU:249, C:ASP:64, C:ARG:254, D:GLU:304, D:GLU:253, D:ASP:308, D:GLU:68, C:ILE:256, C:GLY:67, C:ALA:65, C:ILE:260, D:GLN:301, C:GLU:253, D:THR:78, C:GLN:301, C:TYR:306, D:ILE:302, C:ASP:308, D:TYR:306, C:ARG:322, D:ILE:256, C:GLU:307, C:TYR:250, C:LYS:69, C:SER:63, D:LEU:249"
4NFE,"A:LEU:93, A:PRO:92, A:LYS:236, A:TYR:234, A:HIS:91, A:PHE:179, A:LYS:239, A:HIS:233, A:GLU:178, A:LYS:175, A:ASP:98, A:THR:125, A:ARG:235, A:TRP:237, A:HIS:101, A:TYR:94"
4N92,"A:ARG:94, A:THR:98, A:PRO:167, A:GLN:141, A:ASP:101, A:LEU:137, A:VAL:103, A:PHE:165, A:GLY:143, A:TYR:97, A:LYS:140, A:GLY:144, A:ILE:95, A:ARG:164, A:SER:147, A:LYS:150, A:LEU:102, A:GLN:93, A:GLU:163, A:ASP:100, A:GLU:168, A:THR:96, A:GLU:146"
5TDH,"B:HIS:142, B:ILE:270, B:TRP:99, B:THR:143, B:ALA:56, B:TRP:332, B:VAL:100, B:THR:274, B:ASP:118, B:GLN:75, B:ASP:186, B:TYR:59, B:ASP:76, B:MET:101, B:MET:188, B:ASP:228, B:LEU:117, B:SER:98, B:ASN:119, B:ASN:230, B:ARG:314, B:ASP:246, B:SER:316, B:CYS:204"
3LF6,"B:ALA:8, B:ARG:56, A:THR:124, A:PHE:121, A:PHE:60, A:ILE:123, A:LEU:127, B:ALA:100, A:ALA:8, A:PRO:61, B:PHE:121, B:ASP:77, A:TRP:128, B:PHE:60, A:ASN:125, A:ARG:56, B:GLY:101, B:ASN:125, A:GLY:101, B:ASP:122, B:GLU:103, B:ILE:123, A:ASP:122, B:LEU:127, A:ASN:119, A:HIS:75, B:TRP:128, A:TRP:120, B:TRP:120, A:ALA:100, B:THR:124, B:HIS:75, B:ASN:119"
1QYM,"A:LYS:90, A:TYR:160, A:HIS:119, A:GLN:194, A:LYS:189, A:LEU:190, A:TYR:161, A:LEU:126, A:LEU:152, A:LEU:159, A:LYS:162, A:PRO:132, A:HIS:156, A:GLU:127, A:SER:193, A:GLY:129, A:LYS:153, A:MET:124, A:GLU:186, A:ILE:157"
6MAC,"C:TRP:78, C:ASP:54, C:TYR:85, C:ASN:83, C:PHE:82, C:LYS:55, C:GLU:52, C:PHE:101, C:GLU:94, C:VAL:99, C:CYS:77, C:LEU:38, C:LYS:74, C:ASP:80, C:TYR:60, C:CYS:103, C:GLU:39, C:ASN:35, C:ASP:81, C:LEU:79, C:THR:93"
1FCC,"C:TYR:33, D:THR:17, D:GLU:15, C:ASP:36, C:GLY:38, D:THR:16, C:GLU:15, D:LYS:13, C:THR:16, D:LEU:12, D:ASN:37, C:GLY:14, C:LYS:10, D:THR:11, C:ASN:37, D:GLY:14, C:LEU:12, D:ASN:35, C:ASN:35, D:ASP:36, C:LYS:13, C:THR:11, C:THR:17, D:TYR:33"
2QQI,"A:SER:302, A:SER:294, A:GLN:296, A:TYR:297, A:THR:299, A:GLU:319, A:SER:298, A:SER:295, A:ARG:323, A:GLY:318, A:GLU:324, A:SER:321"
4F5C,"E:GLN:306, E:ARG:301, E:TRP:347, E:ARG:406, E:LYS:300, E:GLY:305, E:TYR:304, E:ASN:408, E:THR:407, E:SER:302, E:GLY:303, E:ILE:308"
6IOM,"A:HIS:137, A:TYR:139, A:ILE:41, A:GLN:74, A:THR:40, A:GLY:68, A:GLU:39, A:ASP:65, A:PHE:72, A:GLY:63, A:SER:135, A:LEU:64, A:GLN:165, A:ALA:37, A:ARG:62, A:LEU:70"
2QC1,"B:LYS:0, B:ASN:68, B:TRP:67, B:ARG:6, B:ASN:64, B:TYR:72, B:LEU:11, B:TYR:112, B:ASP:71, B:GLY:73, B:ASP:14, B:PRO:69, B:GLU:13, B:TYR:15, B:HIS:3, B:ASP:70, B:GLU:2, B:LYS:10, B:LYS:66"
6UWZ,"A:ASP:71, A:GLY:73, A:ASN:10, A:ASN:14, A:ALA:70, A:GLU:2, A:ARG:66, A:TYR:72, A:ASN:68, A:ARG:64, A:PRO:69, A:ILE:19, A:TRP:67, A:VAL:63, A:HIS:3, A:ARG:6, A:TYR:15"
2X53,"C:HIS:232, C:ASN:236, C:SER:219, A:GLY:200, A:ARG:256, C:ASN:202, C:GLN:198, B:ASN:202, B:HIS:232, B:ASP:234, C:TRP:207, B:THR:242, B:LYS:199, C:ARG:256, A:HIS:232, C:PRO:237, B:TRP:244, A:SER:219, B:SER:240, A:LYS:199, B:TRP:201, C:TRP:244, A:TRP:244, A:TRP:201, A:ASN:236, A:ASN:202, A:VAL:217, A:TRP:207, B:PRO:237, C:VAL:217, B:ARG:256, C:ASN:238, C:TRP:201, B:ALA:225, C:ASP:234, A:ALA:225, B:GLY:200, A:PRO:237, B:SER:219, A:SER:240, C:SER:240, B:TRP:207, A:GLN:198, B:GLN:198, A:THR:242, B:ASN:238, C:THR:242, B:ASN:236, A:ASN:238, B:VAL:217, C:ALA:225, C:GLY:200, A:ASP:234"
1UB4,"C:PRO:418, C:THR:420, C:ASN:426, C:GLN:423, C:ALA:419, C:ALA:424, C:LEU:421"
1LTD,"A:PRO:64, A:GLU:63, A:HIS:66, A:ASP:72, A:LEU:65, A:ALA:67, A:PRO:68, A:ASN:30, A:ASN:69, A:VAL:70"
4JZW,"A:LEU:122, G:ASP:368, G:ARG:476, A:ALA:281, A:MET:475, A:ILE:371, G:ALA:204, A:LYS:421, G:MET:426, G:ILE:420, A:VAL:255, G:ILE:424, G:TYR:384, A:MET:434, A:VAL:120, G:TRP:112, G:MET:434, G:VAL:255, A:TYR:384, G:GLY:473, A:CYS:205, G:THR:202, A:PRO:369, A:SER:375, A:GLU:429, A:GLY:473, G:ILE:371, A:PHE:382, A:ASP:474, A:GLN:203, G:PHE:210, A:TRP:112, G:ILE:109, G:SER:375, G:TYR:435, G:LEU:122, G:GLU:370, G:PHE:376, G:PRO:437, G:LYS:421, G:GLY:366, G:GLU:429, A:ASP:368, A:ARG:419, G:ALA:436, A:GLN:422, G:CYS:119, A:ILE:423, G:LYS:432, A:GLU:370, A:ILE:109, A:SER:365, G:MET:475, A:CYS:119, G:ASP:474, G:ARG:419, G:GLN:422, A:VAL:200, G:THR:257, G:PRO:369, A:GLY:366, G:VAL:200, A:MET:426, A:GLY:367, G:GLY:367, A:THR:202, A:ARG:476, A:PRO:437, G:ILE:423, G:PHE:382, G:SER:365"
1WWB,"X:LYS:369, X:ALA:322, X:ASN:320, X:LYS:364, X:PHE:318, X:LYS:372, X:ILE:362, X:THR:360, X:GLU:371, X:ASP:370, X:GLN:373, X:ASP:358, X:GLN:316, X:GLY:321, X:TYR:319, X:ASN:325, X:ILE:323"
1FAK,"T:GLY:148, T:SER:142, T:ASP:145, T:THR:70, T:LYS:68, T:VAL:146, T:TYR:103, T:VAL:67, T:ARG:144, T:PHE:147, T:ASP:129, T:GLN:69, T:ASP:66, T:PRO:194, T:LYS:149, T:LEU:104, T:THR:197, T:THR:172, T:THR:101, T:ARG:136, T:GLU:174, T:SER:195, T:ASP:150, T:LEU:141, T:LYS:65"
2Y7Q,"B:GLU:414, B:ARG:419, B:SER:375, D:SER:366, B:TRP:374, B:GLN:417, B:ARG:427, B:MET:430, B:GLY:379, B:GLU:412, B:THR:373, B:ALA:377, B:LYS:380, B:SER:378, B:ARG:376"
3BT6,"A:GLU:86, A:VAL:90, A:LEU:58, A:ILE:287, A:SER:283, A:LYS:38, A:HIS:85, A:THR:37, A:THR:61, A:LYS:52, A:CYS:60, A:GLY:282, A:LEU:284, A:HIS:40, A:PRO:285, A:PHE:41, A:ASN:59, A:SER:39"
4CBZ,"A:ASP:204, A:PHE:206, A:MET:221, A:PRO:202, A:TRP:224, A:LYS:246, A:LEU:247, A:PHE:207, A:ASP:250, A:THR:219, A:ASP:205, A:HIS:209, A:ARG:252, A:ALA:211, A:ARG:201, A:TYR:190, A:ARG:203, A:GLU:222"
6JXR,"f:GLY:67, f:LEU:58, f:SER:77, f:GLU:70, f:ARG:101, f:ILE:66, f:ASN:65, f:ILE:75, f:SER:103, f:GLY:54, f:GLU:56, f:ASP:69, f:ASP:107, f:TYR:99, f:ASP:78, f:LYS:104, f:GLY:102, f:GLU:106, f:GLY:68, f:PRO:105, f:SER:55, f:GLY:76, f:PRO:100"
4BDV,"B:ARG:2307, B:ALA:2184, B:SER:2186, B:SER:2194, B:ASN:2225, B:PRO:2226, B:THR:2272, B:LEU:2261, B:LEU:2273, B:ALA:2188, B:HIS:2309, B:VAL:2280, B:ARG:2215, B:ASN:2224, B:HIS:2211, B:VAL:2223, B:GLN:2311, B:SER:2263, B:LYS:2183, B:GLN:2213, B:SER:2182, B:ARG:2209, B:ASP:2187, B:LYS:2207, B:GLU:2228, B:LYS:2279, B:TRP:2229, B:LYS:2227, B:LEU:2212, B:GLY:2214, B:TRP:2271, B:VAL:2282, B:GLU:2181, B:PHE:2275, B:GLN:2222"
6CW9,"A:LEU:84, A:LEU:145, A:ALA:152, A:GLU:83, A:ASP:153, A:LYS:148, A:PRO:146, A:LEU:150, A:VAL:149, A:ASP:80"
4ZH7,"A:GLU:447, A:ASN:379, A:GLN:376, A:GLN:452, A:LYS:437, A:ARG:382, A:ASN:438, A:GLN:451, A:THR:45, A:LEU:52, A:ASN:369, A:GLU:381, A:GLN:448, A:ILE:440, A:GLY:430, A:ALA:441, A:LYS:51, A:HIS:442, A:THR:434, A:THR:445, A:THR:48, A:GLY:444, A:GLU:372"
4ZIN,"A:LYS:123, A:ASP:110, A:LEU:124, A:LYS:178, A:LYS:182, A:LYS:92, A:ARG:125, A:THR:106, A:LYS:184, A:ALA:156, A:LYS:158, A:ASP:154, A:THR:108, A:THR:180, A:TRP:93, A:THR:179, A:GLU:94, A:VAL:96"
2I69,"A:GLY:78, A:CYS:74, A:CYS:105, A:LEU:107, A:GLY:104, A:LYS:110, A:GLY:106, A:PRO:75, A:THR:76, A:GLU:79, A:MET:77, A:GLY:109"
2EWY,"A:LEU:112, A:GLN:159, A:ILE:162, A:THR:75, A:LYS:79, A:ALA:140, A:PRO:163, A:ARG:77, A:THR:158, A:SER:148, A:ASN:161, A:PHE:81, A:ASN:114, A:GLU:98, A:SER:147, A:GLU:150, A:VAL:157, A:ASP:154, A:THR:109, A:VAL:113"
6D03,"E:LYS:311, E:ARG:217, E:LYS:416, E:THR:224, E:SER:228, E:ASP:305, E:LEU:310, E:ILE:221, E:LYS:223, E:GLN:295, E:LYS:298, E:ASN:417, E:ASP:220, E:LYS:309, E:GLU:302, E:LYS:225, E:LYS:420, E:LEU:306, E:GLU:308"
1KPK,"A:LYS:243, B:HIS:234, A:ILE:231, A:TYR:382, B:LEU:384, A:HIS:383, A:HIS:234, B:ASN:250, B:TYR:382, A:PRO:380, A:PRO:248, A:GLU:235, B:LYS:243, A:GLN:381, B:ILE:231, A:ASP:246, B:GLU:235, B:GLN:381, B:LEU:249, A:ASN:250, A:LEU:249, B:VAL:376, B:HIS:383, A:THR:251, B:ASP:246, B:PRO:248, B:PRO:380, A:LEU:244"
4GH9,"A:GLU:260, A:ARG:268, A:GLN:254, A:ALA:251, A:SER:257, A:GLU:258"
1K9U,"A:MET:44, A:ASP:52, A:SER:21, A:GLY:51, A:GLU:46, A:ASP:48, A:GLY:53, A:LEU:22, A:SER:23, A:GLN:41, A:ASP:38, A:ALA:45, A:PHE:54, A:THR:49, A:LYS:19, A:ARG:42, A:ASP:50"
3S2K,"B:GLN:986, B:TRP:850, B:SER:963, B:SER:682, A:ARG:853, B:TYR:875, A:MET:877, B:TRP:767, A:LEU:810, A:SER:665, A:LEU:696, B:SER:665, A:GLU:663, B:ASN:813, B:GLY:660, B:VAL:1004, B:GLU:708, B:ARG:639, A:GLY:999, B:PHE:836, B:TYR:706, B:LYS:684, B:HIS:834, A:VAL:1004, B:HIS:698, A:LYS:662, A:HIS:698, B:GLU:697, B:ARG:853, A:ARG:751, A:GLU:697, A:TYR:706, A:SER:963, A:GLU:701, A:ARG:639, A:ARG:990, A:GLY:660, B:LEU:810, B:LEU:696, B:MET:877, A:ASN:813, B:LYS:662, B:GLU:663, A:HIS:834, A:TRP:850, B:ILE:681, A:GLU:708, A:ARG:792, A:ASP:811, A:ILE:681, A:TYR:875, A:TRP:767, B:GLY:999, B:ARG:792, B:GLU:701"
6QW3,"A:VAL:233, A:ASN:196, A:PRO:240, A:LEU:193, A:VAL:231, A:ALA:242, A:ARG:230, A:THR:238, A:GLU:239, A:HIS:232, A:PRO:249, A:HIS:198, A:LEU:244, A:GLU:241, A:GLN:245"
5FWW,"A:SER:749, A:MET:877, A:LEU:810, A:GLU:663, A:ARG:751, A:TYR:706, A:ARG:639, A:ASN:813, A:HIS:834, A:SER:682, A:TRP:850, A:GLU:708, A:ARG:792, A:PHE:836, A:ASP:811, A:ILE:681, A:TYR:875, A:THR:724, A:TRP:767"
1RY7,"B:ARG:238, B:LEU:163, B:LEU:243, B:PRO:156, B:THR:242, B:GLY:224, B:GLU:157, B:TRP:153, B:GLN:239, B:ASP:160, B:VAL:245, B:LYS:161, B:MET:159, B:THR:240, B:ASN:225, B:ALA:165, B:ARG:223, B:ASP:244, B:LEU:246, B:LYS:162"
1ZKR,"A:LEU:93, A:LYS:101, A:GLU:92, A:THR:100, A:GLU:106, A:ASP:117, A:LYS:113, A:ASP:96, A:LEU:94, A:ASN:91, A:LEU:97, A:ARG:109"
2G33,"C:PHE:23, B:ILE:139, C:PRO:25, B:PHE:23, B:ASP:32, B:THR:142, B:ALA:137, B:ASN:136, C:ASP:22, C:ARG:98, B:PRO:138, C:ALA:137, B:THR:33, B:SER:26, C:PHE:110, B:ASP:22, B:ARG:28, C:TYR:118, B:PHE:122, C:ILE:105, C:THR:142, B:ARG:98, C:SER:141, B:TRP:125, C:PRO:138, B:PRO:20, C:SER:26, C:PHE:122, C:ARG:28, B:PHE:110, C:ASP:29, B:TRP:102, B:PRO:25, B:TYR:118, C:LEU:30, C:VAL:27, B:LEU:30, C:ASN:136, C:THR:33, C:ILE:139, B:SER:141, C:GLU:145, B:ASP:29, C:LEU:140, B:VAL:27, B:SER:21, B:LEU:140, C:TRP:102, C:ASN:90, B:PRO:135, C:ASP:32"
4HKJ,"A:ARG:155, A:ALA:150, C:GLU:6, A:SER:73, A:ARG:62, A:ARG:75, A:GLN:72, A:VAL:76, C:LYS:7, A:LYS:68, A:ARG:79, A:LYS:146, A:GLN:65, A:THR:80, C:ASN:4, A:ALA:158, A:THR:163, C:LEU:8, A:GLN:149, A:GLU:154, C:PHE:5, A:TYR:159, A:GLY:162, A:GLU:166"
2LSB,"A:ASP:144, A:LYS:204, A:GLU:152, A:ARG:148, A:TYR:149, A:SER:143, A:ASP:147, A:GLY:142, A:ARG:151, A:HIS:155, A:ASN:197, A:THR:199, A:ARG:156, A:TYR:145, A:ASN:153"
1D5M,"C:VAL:26, C:TYR:91, C:ASN:60, C:TYR:90, C:ARG:110, C:PHE:177, C:GLY:59, C:ASP:29, C:ASN:31, C:LEU:20, C:ASP:30, C:ASN:178, C:GLY:19, C:GLU:22, C:LEU:58, C:THR:18, C:ASN:23, C:ASN:88, C:ASP:206"
4ZMT,"A:ASP:90, A:ARG:30, A:THR:32, A:ASN:27, A:VAL:88, A:SER:26, A:SER:87, A:ASP:29, A:GLU:89, A:LYS:28, A:LYS:25, A:ASP:31"
6G7O,"A:LYS:276, A:LEU:282, A:LYS:321, A:ALA:279, A:VAL:313, A:LYS:286, A:GLU:325, A:ARG:278, A:LYS:271, A:THR:275, A:GLN:285, A:ASP:283, A:PHE:309, A:ASP:310, A:GLY:314, A:ASP:317, A:LEU:320, A:ASN:324"
3DMM,"C:ILE:9, C:GLU:27, C:GLN:20, C:PRO:11, C:ASP:23, C:GLU:6, C:ARG:8, C:MET:14, C:VAL:25, C:LEU:29, C:PHE:10, C:LYS:84, C:ASP:15, C:SER:114, C:VAL:22, C:LYS:12, C:GLY:30, C:LYS:21"
3FCS,"A:HIS:215, A:GLY:80, A:GLY:148, A:SER:217, A:ASN:78, A:ARG:147, A:GLU:117, A:LEU:213, A:SER:206, A:VAL:79, A:ARG:77, A:GLN:82, A:PRO:209, A:ASN:149, A:ILE:211, A:ASN:158, A:SER:81, A:SER:205, A:LEU:84, A:TRP:214, A:GLY:210, A:ILE:154, A:TRP:162, A:ARG:208"
5WFL,"A:ASN:387, A:ASP:479, A:GLY:480, A:THR:481, A:TYR:525, A:GLN:530, A:ASN:382, A:SER:508, A:SER:383, A:GLY:574, A:CYS:434, A:ALA:556, A:PHE:577, A:PHE:478, A:TYR:572, A:TYR:334, A:ARG:483, A:GLY:527, A:ARG:380, A:GLY:509, A:HIS:436, A:SER:363, A:GLN:528, A:GLY:603, A:SER:555, A:ASP:385, A:SER:602, A:HIS:575, A:ARG:415"
4ZK9,"B:THR:16, B:LYS:49, B:LYS:19, B:ARG:24, B:ILE:46, B:GLN:23, B:THR:45, B:SER:21, B:VAL:47, B:ILE:20, B:ARG:18"
2M8L,"B:ILE:201, A:ALA:209, A:GLU:213, B:LEU:205, B:PRO:207, B:GLY:220, A:THR:200, A:PRO:207, B:VAL:221, B:ALA:204, B:GLN:219, B:LYS:203, A:ALA:217, B:THR:200, A:GLY:220, A:GLY:206, A:ALA:204, B:ALA:209, B:GLU:213, A:GLY:208, A:GLN:219, A:ASP:197, A:GLU:187, A:GLU:212, A:THR:216, A:LYS:203, B:GLY:208, B:ALA:217, A:VAL:221, A:ILE:201, B:ASP:197, A:LEU:205, B:THR:216, B:GLU:212, B:GLY:206, A:THR:210"
2X44,"D:TYR:105, D:LEU:106, D:GLU:48, D:SER:44, D:MET:3, D:ILE:108, D:PRO:101, D:LEU:39, D:THR:47, D:GLY:107, D:ILE:93, D:ALA:2, D:HIS:4, D:GLU:97, D:LYS:1, D:GLU:33, D:TYR:100, D:ARG:35, D:GLN:45, D:PRO:102, D:VAL:46, D:LEU:91, D:LYS:95, D:GLY:109, D:PRO:28, D:GLN:41, D:ASN:110, D:PRO:103, D:MET:99, D:TYR:104"
1P6F,"A:TYR:100, A:GLY:82, A:MET:99, A:ASP:101, A:GLU:83, A:PRO:54, A:TRP:85, A:LEU:45, A:PHE:180, A:ASN:68, A:SER:69, A:ASP:126, A:GLU:183, A:LYS:52, A:ILE:78, A:ARG:80, A:VAL:81, A:VAL:35, A:PRO:51, A:GLU:36, A:GLU:21, A:ARG:50, A:ARG:70, A:LEU:84, A:GLN:38, A:HIS:40, A:THR:127, A:THR:102"
2LP7,"A:SER:44, A:ASN:32, A:ILE:58, A:LEU:55, A:THR:52, A:ILE:51, A:TRP:48, A:LEU:45, A:TRP:46, A:ASN:47, A:ASN:50, A:LYS:59, A:TRP:56, A:GLN:34, A:GLU:33, A:PHE:49"
2F8O,"A:GLU:77, A:ARG:81, A:GLU:44, A:ASN:42, A:ASP:76, A:ILE:92, A:LEU:40, A:PRO:90, A:LYS:75, A:GLU:47, A:ARG:45, A:LYS:94, A:LYS:41, A:GLY:43"
3I84,"B:GLU:64, B:GLU:73, B:ARG:54, B:ASP:65, B:ALA:66, B:VAL:60, B:GLY:69, B:LYS:36, B:LEU:62, B:LYS:63, B:PRO:68, B:LEU:67, B:VAL:61, B:LYS:75"
5TXF,"A:THR:350, A:ARG:256, A:TYR:341, A:GLY:374, A:PRO:69, A:GLY:318, A:VAL:317, A:ASN:78, A:ILE:60, A:TRP:75, A:GLU:342, A:GLY:71, A:MET:257, A:LEU:319, A:ALA:258, A:VAL:367, A:TYR:51, A:GLU:354, A:GLY:357, A:CYS:74, A:TRP:48, A:PRO:371, A:LEU:40, A:LEU:369, A:PRO:260, A:LEU:68, A:ASP:343, A:PHE:58, A:TRP:259, A:ARG:362, A:HIS:368, A:THR:54, A:LEU:358, A:CYS:50, A:PRO:320, A:TYR:315, A:LYS:53, A:ASN:65, A:MET:49, A:ASP:262, A:GLN:360, A:LEU:355, A:HIS:373, A:ARG:351"
1W81,"A:VAL:448, A:PRO:433, A:ASN:450, A:CYS:451, A:VAL:452, A:PRO:436, A:GLU:435, A:CYS:449, A:GLU:428, A:LYS:431, A:LYS:427, A:CYS:432, A:CYS:434, A:GLU:437"
2VA5,"A:CYS:269, A:THR:314, A:LEU:267, A:PRO:276, A:PHE:365, A:VAL:268, A:CYS:319, A:THR:274, A:ALA:272, A:PHE:257, A:PRO:258, A:GLU:255, A:SER:253, A:ILE:279, A:LYS:256, A:GLN:266, A:ASP:317, A:GLY:273, A:TRP:270, A:GLN:271"
4OMC,"A:ASN:558, A:GLY:561, A:PHE:528, A:THR:562, A:GLU:457, A:THR:492, A:LEU:493, A:ASP:460, A:ASN:529, A:ASN:496, A:PRO:458, A:SER:494, A:TYR:495, A:ASP:526, A:TYR:560, A:ALA:525"
1RD4,"A:GLN:148, A:LYS:197, A:LEU:203, A:HIS:201, A:LYS:155, A:LYS:200, A:ASP:191, A:VAL:199, A:PRO:144, A:PHE:147, A:ASP:193, A:LEU:151, A:HIS:198, A:ALA:194"
1N67,"A:THR:431, A:VAL:462, A:GLN:429, A:ASN:460, A:LYS:473, A:ILE:433, A:TYR:510, A:GLN:428, A:TRP:518, A:ILE:408, A:PRO:467, A:ASP:481, A:PRO:479, A:ASN:468, A:LYS:434, A:PHE:466, A:SER:432, A:ASN:477, A:ILE:464, A:THR:465, A:TYR:512, A:ASN:463"
4JRA,"A:SER:921, A:ASN:954, A:ARG:1065, A:THR:1063, A:ARG:1061, A:GLY:1292, A:CYS:1060, A:PHE:917, A:HIS:1064, A:GLU:920, A:ILE:956, A:PHE:953, A:LEU:1057, A:SER:902, A:ASP:1058, A:LYS:1056, A:SER:955, A:ASN:918, A:ASP:1062, A:GLY:1059, A:LEU:919, A:ASP:1289, A:ARG:1294"
6MEO,"G:ILE:418, G:LEU:121, G:CYS:118, G:VAL:119, G:MET:429, G:ARG:414, G:VAL:200, G:ALA:204, G:THR:202, G:LYS:416, G:GLN:203, G:PRO:432, G:GLN:417"
4CMM,"A:ALA:108, A:VAL:6, A:SER:106, A:MET:72, A:THR:88, A:ARG:46, A:ARG:40, A:ASP:10, A:LYS:11, A:ILE:7, A:VAL:13, A:GLY:45, A:GLY:107, A:GLU:111, A:GLN:8, A:PHE:39, A:THR:26, A:VAL:102, A:ALA:42, A:GLY:109, A:GLU:103, A:SER:12, A:PRO:9, A:PRO:44, A:GLU:47, A:GLY:87, A:GLY:43"
4F45,"A:ILE:73, A:LYS:289, A:PHE:143, A:GLN:137, A:VAL:288, A:HIS:74, A:TYR:70, A:ASP:147, A:PRO:75, A:GLU:292, A:GLN:139, A:ASN:290, A:THR:136, A:LYS:69, A:ARG:140, A:ARG:78, A:MET:142, A:VAL:138, A:ASP:141, A:GLU:72, A:TYR:152"
1J95,"A:TYR:62, A:ALA:54, A:PRO:55, A:ARG:64, A:GLY:53, A:GLY:56, A:THR:61, A:TYR:45, A:ARG:52, A:VAL:91, A:TRP:87, A:ALA:57, A:GLN:58, A:ILE:60, A:LEU:49"
5YB2,"E:HIS:19, E:LYS:29, E:LEU:20, E:THR:24, E:TRP:26, E:LEU:23, E:GLN:18, E:ALA:33, E:LEU:31, E:ARG:34, E:GLN:22, E:GLN:30, E:GLN:32"
2X7R,"N:GLY:572, N:LYS:574, N:HIS:564, N:TRP:571, N:GLN:563, N:GLN:567, N:GLN:575, N:LEU:568, N:THR:569, N:ARG:579"
6O6W,"A:PRO:18, A:HIS:23, A:GLN:52, A:ALA:13, A:ARG:17, A:VAL:21, A:PHE:25, A:ASP:15, A:GLY:19, A:THR:47, A:GLN:50, A:VAL:12, A:GLY:20, A:ASN:48, A:PHE:14, A:GLY:46"
4TLL,"A:GLU:80, A:ARG:43, A:ASP:81, A:THR:66, A:LYS:36, A:PRO:69, A:ARG:68, B:ASN:318, A:GLN:40, B:ASN:317, A:SER:64, A:GLU:39, B:LYS:74, A:GLN:73, A:LEU:76, A:VAL:65"
3P2T,"A:GLU:53, A:ARG:33, A:GLU:31, A:ALA:32, A:GLU:34, A:VAL:81, A:ARG:78, A:LYS:55, A:LEU:30, A:PRO:80, A:ASN:50, A:PRO:51"
1NK1,"A:SER:166, A:ARG:197, A:PHE:190, A:SER:161, A:GLU:159, A:PRO:157, A:ARG:181, A:PRO:194, A:HIS:160, A:ILE:156, A:TYR:198"
6M17,"E:THR:376, E:VAL:382, E:PHE:392, E:THR:430, E:PRO:384, E:PHE:377, E:GLY:381, E:TYR:380, E:SER:383, E:LYS:378, E:TYR:369, E:THR:385, E:LYS:386, E:CYS:379, E:ASP:428, E:LEU:390, E:LEU:517, E:SER:375"
5Z55,"A:GLU:61, A:ASN:71, A:LYS:73, A:ASP:69, A:GLN:59, A:HIS:34, A:ARG:23, A:LYS:20, A:SER:74, A:VAL:18, A:PHE:72, A:GLY:22, A:GLN:24, A:ASP:75, A:SER:21, A:LYS:60, A:LEU:76, A:GLU:70"
1IVO,"A:THR:360, A:ARG:353, A:PRO:362, A:SER:356, A:PRO:361, A:HIS:359, A:PHE:357, A:THR:358, A:ASP:355"
6U49,"C:TYR:182, C:SER:186, C:PRO:189, C:THR:263, C:ASP:185, C:ASN:188, C:TYR:191, C:LYS:266, C:ARG:200, C:PRO:181, C:VAL:190, C:ASP:183, C:ASN:264, C:ASN:173, C:TRP:179, C:TRP:187"
